Game, Training Size, Validation Size, Min Error, Mean Error, Max Error
1, 74, 19, 0.008585227523831063, 0.04495200820476742, 0.09015135016389575
